Workbook

Sheet Informaciones
G7: {=_xlfn._xlws.FILTER(Tabla1[[TRABAJADOR]:[IBAN]], (MONTH(Tabla1[FECHA ÚLTIMO CAMBIO]) = MONTH(TODAY())) * (YEAR(Tabla1[FECHA ÚLTIMO CAMBIO]) = YEAR(TODAY())) + (MONTH(Tabla1[FECHA ÚLTIMO CAMBIO]) = MONTH(TODAY())-1) * (YEAR(Tabla1[FECHA ÚLTIMO CAMBIO]) = YEAR(TODAY())))} -> ALBERTO ISMAEL MENDIETA CACERES | H7: BE93 9052 9049 1967 | N7: {=_xlfn._xlws.FILTER(Tabla1[TRABAJADOR], Tabla1[IBAN]="Pendiente", "Sin resultados")} -> JHEFRIN ALEXANDER GONZALEZ PADILLA
G8: ALBERTO RICHELLI DA SILVA | H8: PT50 0018 0003 5744 3293 0201 5 | K8: =COUNTIF('Control General'!D:D, "pendiente") -> 5 | N8: JOEL MAGALHAES
C9: {=SUMPRODUCT((MONTH(Tabla1[FECHA ÚLTIMO CAMBIO]) = MONTH(TODAY())) * (YEAR(Tabla1[FECHA ÚLTIMO CAMBIO]) = YEAR(TODAY())) + (MONTH(Tabla1[FECHA ÚLTIMO CAMBIO]) = MONTH(TODAY())-1) * (YEAR(Tabla1[FECHA ÚLTIMO CAMBIO]) = YEAR(TODAY())))} -> 61 | G9: ALDEMAR DOMINGUEZ CERCADO | H9: ES55 0182 1214 3302 0162 4902 | N9: JOHN FREDY QUINONES HENAO
G10: ALEXANDER GUZMAN | H10: ES29 6893 0001 7400 0036 7834 | N10: JOSE ARBEY CORREA RUIZ
G11: ALVARO ENRIQUE ROJAS DE LA OSSA | H11: NL02 BUNQ 2185 0437 57 | N11: SANTIAGO CASTRO RODRIGUEZ
G12: ANDY LYONEL CARRASCO VARGAS | H12: ES27 2100 1553 6902 0037 4216
G13: ANGEL RAFAEL DIAZ GUTIERREZ | H13: ES90 0182 0581 1202 0160 1758
G14: ANTONY ALEXANDER HERNANDEZ CHIRINOS | H14: ES71 0182 5322 2100 0296 1488
G15: APOLINAR GARCIA HERNANDEZ | H15: ES08 6893 0001 7600 0034 6871
G16: BOLIVAR GABRIEL ALDANA RAMIREZ | H16: BE29 9675 5422 9064
G17: BYRON YESID SUAREZ CUADRADO | H17: ES74 0182 9035 1102 0173 4235
G18: CARLOS ALBERTO CARDONA YAIMA | H18: ES88 0182 5900 0902 0157 1022
G19: CARLOS JULIO CANON | H19: ES71 2100 0868 5902 0107 2129
G20: CARLOS MARIO JARAMILLO LOPEZ | H20: ES25 0182 0838 6502 0157 5647
G21: CESAR NORBEY PENAGOS DUQUE | H21: ES85 6893 0001 7300 0034 1558
G22: CLAUDEMIR DO NASCIMENTO FURTADO | H22: BE67 9676 0947 2887
G23: CRISTIAN RAFAEL ORDONEZ AGUIRRE | H23: ES32 0182 5319 7700 0083 4229
... G67: YORVY RAFAEL MARTINEZ ROMERO | H67: ES45 0182 5011 1002 0224 2623

Sheet Control General
A3: N | B3: ID | C3: TRABAJADOR | D3: IBAN | E3: BANCO | F3: CERT. DE TITUL. | G3: FECHA ÚLTIMO CAMBIO | H3: DOCUM. FIRMADO | I3: EMPRESA | J3: OBSERVACIONES | K3: NOTAS
A4: {=_xlfn.SEQUENCE(2000)} -> 1 | B4: =IF(Tabla1[[#This Row],[TRABAJADOR]]="", "", VLOOKUP(Tabla1[[#This Row],[TRABAJADOR]], 'Colaborador ID'!B:C, 2, FALSE)) -> E0530 | C4: ABDELFAHAM OUBOUZID | D4: FR76 1659 8000 0131 9171 7000 163 | E4: NICKEL | F4: #VALUE! | G4: 45790 | H4: #VALUE!
A5: 2 | B5: =IF(Tabla1[[#This Row],[TRABAJADOR]]="", "", VLOOKUP(Tabla1[[#This Row],[TRABAJADOR]], 'Colaborador ID'!B:C, 2, FALSE)) -> E1855 | C5: ABDRUBAL FONSECA RINCON | D5: ES16 0182 2247 0702 0167 7660 | E5: BBVA | F5: #VALUE! | G5: 45958 | H5: #VALUE!
A6: 3 | B6: =IF(Tabla1[[#This Row],[TRABAJADOR]]="", "", VLOOKUP(Tabla1[[#This Row],[TRABAJADOR]], 'Colaborador ID'!B:C, 2, FALSE)) -> E0663 | C6: ABEL ANTONIO CUESTA CIFUENTES | D6: BE13 9050 1484 4239 | E6: WISE | F6: #VALUE! | H6: #VALUE!
A7: 4 | B7: =IF(Tabla1[[#This Row],[TRABAJADOR]]="", "", VLOOKUP(Tabla1[[#This Row],[TRABAJADOR]], 'Colaborador ID'!B:C, 2, FALSE)) -> E0513 | C7: ABRAHAM DAVID HOYOS ALVAREZ | D7: ES68 0182 0702 3702 0165 0072 | E7: BBVA | F7: #VALUE! | H7: #VALUE! | I7: STOCCO
A8: 5 | B8: =IF(Tabla1[[#This Row],[TRABAJADOR]]="", "", VLOOKUP(Tabla1[[#This Row],[TRABAJADOR]], 'Colaborador ID'!B:C, 2, FALSE)) -> E0432 | C8: ADALBERTO ARAGON GOMEZ | D8: BE53 9050 1170 2853 | E8: WISE | F8: #VALUE! | H8: #VALUE!
A9: 6 | B9: =IF(Tabla1[[#This Row],[TRABAJADOR]]="", "", VLOOKUP(Tabla1[[#This Row],[TRABAJADOR]], 'Colaborador ID'!B:C, 2, FALSE)) -> E0687 | C9: ADILSON ESCOBAR OREJUELA | D9: ES71 6893 0001 7100 0030 4078 | E9: NICKEL | F9: #VALUE! | G9: 45891 | H9: #VALUE! | I9: STOCCO
A10: 7 | B10: =IF(Tabla1[[#This Row],[TRABAJADOR]]="", "", VLOOKUP(Tabla1[[#This Row],[TRABAJADOR]], 'Colaborador ID'!B:C, 2, FALSE)) -> E0570 | C10: ADRIAN CAMILO PINILLA AGUIRRE | D10: ES88 0182 4590 1202 0161 8527 | E10: BBVA | F10: #VALUE! | G10: 45783 | H10: #VALUE!
A11: 8 | B11: =IF(Tabla1[[#This Row],[TRABAJADOR]]="", "", VLOOKUP(Tabla1[[#This Row],[TRABAJADOR]], 'Colaborador ID'!B:C, 2, FALSE)) -> E0452 | C11: ADRIAN CARLOSAMA CHAVEZ | D11: BE31 9051 9847 6555 | E11: WISE | F11: #VALUE! | H11: #VALUE!
A12: 9 | B12: =IF(Tabla1[[#This Row],[TRABAJADOR]]="", "", VLOOKUP(Tabla1[[#This Row],[TRABAJADOR]], 'Colaborador ID'!B:C, 2, FALSE)) -> E0516 | C12: AGNER MARTINEZ CARREAZO | D12: ES11 0049 3121 9220 1430 8753 | E12: SANTANDER | F12: #VALUE! | H12: #VALUE!
A13: 10 | B13: =IF(Tabla1[[#This Row],[TRABAJADOR]]="", "", VLOOKUP(Tabla1[[#This Row],[TRABAJADOR]], 'Colaborador ID'!B:C, 2, FALSE)) -> E0814 | C13: AGUINALDO JOSE DA SILVA SOUZA | D13: PT50 0033 0000 4563 9326 4410 5 | E13: MILLENNIUM | F13: #VALUE! | G13: 45761 | H13: #VALUE!
A14: 11 | B14: =IF(Tabla1[[#This Row],[TRABAJADOR]]="", "", VLOOKUP(Tabla1[[#This Row],[TRABAJADOR]], 'Colaborador ID'!B:C, 2, FALSE)) -> E0194 | C14: ALAN FRANCISCO NAVAS DIAZ | D14: ES43 0182 0706 1902 0164 4996 | E14: BBVA | F14: #VALUE! | H14: #VALUE!
A15: 12 | B15: =IF(Tabla1[[#This Row],[TRABAJADOR]]="", "", VLOOKUP(Tabla1[[#This Row],[TRABAJADOR]], 'Colaborador ID'!B:C, 2, FALSE)) -> E0406 | C15: ALAN GERSON RAMIREZ ACARO | D15: ES21 1576 1212 1910 1041 2202 | E15: BUNQ | F15: #VALUE! | G15: 45726 | H15: #VALUE!
A16: 13 | B16: =IF(Tabla1[[#This Row],[TRABAJADOR]]="", "", VLOOKUP(Tabla1[[#This Row],[TRABAJADOR]], 'Colaborador ID'!B:C, 2, FALSE)) -> E1402 | C16: ALBEIRO CARDOZO HEREDIA | D16: ES46 0182 8151 8902 0193 8271 | E16: BBVA | F16: #VALUE! | G16: 45849 | H16: #VALUE!
A17: 14 | B17: =IF(Tabla1[[#This Row],[TRABAJADOR]]="", "", VLOOKUP(Tabla1[[#This Row],[TRABAJADOR]], 'Colaborador ID'!B:C, 2, FALSE)) -> E0347 | C17: ALBEIRO ENRIQUE AMOR AGUILAR | D17: LT85 3250 0126 1672 5392 | E17: REVOLUT | F17: #VALUE! | H17: #VALUE!
A18: 15 | B18: =IF(Tabla1[[#This Row],[TRABAJADOR]]="", "", VLOOKUP(Tabla1[[#This Row],[TRABAJADOR]], 'Colaborador ID'!B:C, 2, FALSE)) -> E0272 | C18: ALBEIRO OBANDO MICOLTA | D18: ES64 0182 1216 2502 0159 8939 | E18: BBVA | F18: #VALUE! | G18: 45938 | H18: #VALUE!
A19: 16 | B19: =IF(Tabla1[[#This Row],[TRABAJADOR]]="", "", VLOOKUP(Tabla1[[#This Row],[TRABAJADOR]], 'Colaborador ID'!B:C, 2, FALSE)) -> E0189 | C19: ALBERTO CCENHUA MICHCA | D19: ES92 0182 0635 5102 0163 1740 | E19: BBVA | F19: #VALUE! | G19: 45762 | H19: #VALUE!
A20: 17 | B20: =IF(Tabla1[[#This Row],[TRABAJADOR]]="", "", VLOOKUP(Tabla1[[#This Row],[TRABAJADOR]], 'Colaborador ID'!B:C, 2, FALSE)) -> E0208 | C20: ALBERTO DURAN | D20: BE86 9052 9845 3950 | E20: WISE | F20: #VALUE! | H20: #VALUE!
A21: 18 | B21: =IF(Tabla1[[#This Row],[TRABAJADOR]]="", "", VLOOKUP(Tabla1[[#This Row],[TRABAJADOR]], 'Colaborador ID'!B:C, 2, FALSE)) -> E0134 | C21: ALBERTO ENRIQUE MACIAS TEHERAN | D21: ES25 0182 9725 8102 0029 2530 | E21: BBVA | F21: #VALUE! | H21: #VALUE!
A22: 19 | B22: =IF(Tabla1[[#This Row],[TRABAJADOR]]="", "", VLOOKUP(Tabla1[[#This Row],[TRABAJADOR]], 'Colaborador ID'!B:C, 2, FALSE)) -> E0449 | C22: ALBERTO ISMAEL MENDIETA CACERES | D22: BE93 9052 9049 1967 | E22: WISE | F22: #VALUE! | G22: 46101 | H22: #VALUE!
A23: 20 | B23: =IF(Tabla1[[#This Row],[TRABAJADOR]]="", "", VLOOKUP(Tabla1[[#This Row],[TRABAJADOR]], 'Colaborador ID'!B:C, 2, FALSE)) -> E1448 | C23: ALBERTO LUIS MALDONADO BARRERA | D23: ES77 0182 0362 2502 0159 3681 | E23: BBVA | F23: #VALUE! | G23: 45953 | H23: #VALUE! | I23: STOCCO
A24: 21 | B24: =IF(Tabla1[[#This Row],[TRABAJADOR]]="", "", VLOOKUP(Tabla1[[#This Row],[TRABAJADOR]], 'Colaborador ID'!B:C, 2, FALSE)) -> E2142 | C24: ALBERTO RICHELLI DA SILVA | D24: PT50 0018 0003 5744 3293 0201 5 | E24: SANTANDER | F24: #VALUE! | G24: 46073 | H24: #VALUE!
A25: 22 | B25: =IF(Tabla1[[#This Row],[TRABAJADOR]]="", "", VLOOKUP(Tabla1[[#This Row],[TRABAJADOR]], 'Colaborador ID'!B:C, 2, FALSE)) -> E2114 | C25: ALDEMAR DOMINGUEZ CERCADO | D25: ES55 0182 1214 3302 0162 4902 | E25: BBVA | F25: #VALUE! | G25: 46073 | H25: #VALUE!
A26: 23 | B26: =IF(Tabla1[[#This Row],[TRABAJADOR]]="", "", VLOOKUP(Tabla1[[#This Row],[TRABAJADOR]], 'Colaborador ID'!B:C, 2, FALSE)) -> E0460 | C26: ALDO IVAN AILIO LABBE | D26: ES46 6893 0001 7400 0028 3429 | E26: NICKEL | F26: #VALUE! | G26: 45800 | H26: #VALUE!
A27: 24 | B27: =IF(Tabla1[[#This Row],[TRABAJADOR]]="", "", VLOOKUP(Tabla1[[#This Row],[TRABAJADOR]], 'Colaborador ID'!B:C, 2, FALSE)) -> E1382 | C27: ALDO LUIS CHACON BALAREZO | D27: ES06 0182 1250 4402 0157 8825 | E27: BBVA | F27: #VALUE! | H27: #VALUE!
A28: 25 | B28: =IF(Tabla1[[#This Row],[TRABAJADOR]]="", "", VLOOKUP(Tabla1[[#This Row],[TRABAJADOR]], 'Colaborador ID'!B:C, 2, FALSE)) -> E0648 | C28: ALDRUMAR CABALLERO MARTINEZ | D28: BE72 9054 0937 0016 | E28: WISE | F28: #VALUE! | G28: 45782 | H28: #VALUE!
A29: 26 | B29: =IF(Tabla1[[#This Row],[TRABAJADOR]]="", "", VLOOKUP(Tabla1[[#This Row],[TRABAJADOR]], 'Colaborador ID'!B:C, 2, FALSE)) -> E0243 | C29: ALEEX IVAN LOPEZ CUBILLOS | D29: ES40 6893 0001 7500 0023 4018 | F29: #VALUE! | H29: #VALUE!
A30: 27 | B30: =IF(Tabla1[[#This Row],[TRABAJADOR]]="", "", VLOOKUP(Tabla1[[#This Row],[TRABAJADOR]], 'Colaborador ID'!B:C, 2, FALSE)) -> E1770 | C30: ALEJANDRO ERWIN ZAMBRANO AGUILERA | D30: ES58 0049 5413 5422 1609 3588 | E30: SANTANDER | F30: #VALUE! | G30: 45894 | H30: #VALUE!
A31: 28 | B31: =IF(Tabla1[[#This Row],[TRABAJADOR]]="", "", VLOOKUP(Tabla1[[#This Row],[TRABAJADOR]], 'Colaborador ID'!B:C, 2, FALSE)) -> E0662 | C31: ALEJANDRO GONZALO URIBE | D31: PT50 0007 0000 0078 4116 1852 3 | F31: #VALUE! | H31: #VALUE!
A32: 29 | B32: =IF(Tabla1[[#This Row],[TRABAJADOR]]="", "", VLOOKUP(Tabla1[[#This Row],[TRABAJADOR]], 'Colaborador ID'!B:C, 2, FALSE)) -> E0009 | C32: ALEJANDRO HERNANDEZ PIMIENTA | D32: BE13 9053 6734 2239 | E32: WISE | F32: #VALUE! | G32: 45751 | H32: #VALUE!
A33: 30 | B33: =IF(Tabla1[[#This Row],[TRABAJADOR]]="", "", VLOOKUP(Tabla1[[#This Row],[TRABAJADOR]], 'Colaborador ID'!B:C, 2, FALSE)) -> E0128 | C33: ALEJANDRO JOSE BORJA MANGA | D33: ES69 0182 0043 1702 0168 0589 | F33: #VALUE! | H33: #VALUE!
A34: 31 | B34: =IF(Tabla1[[#This Row],[TRABAJADOR]]="", "", VLOOKUP(Tabla1[[#This Row],[TRABAJADOR]], 'Colaborador ID'!B:C, 2, FALSE)) -> E1253 | C34: ALESSANDRO SANTANA DE JESUS | D34: PT50 0033 0000 4558 3993 6640 5 | E34: MILLENNIUM | F34: #VALUE! | G34: 45761 | H34: #VALUE!
A35: 32 | B35: =IF(Tabla1[[#This Row],[TRABAJADOR]]="", "", VLOOKUP(Tabla1[[#This Row],[TRABAJADOR]], 'Colaborador ID'!B:C, 2, FALSE)) -> E1380 | C35: ALEX ALTAMAR CARMONA | D35: ES85 0182 8181 1502 0234 1275 | E35: BBVA | F35: #VALUE! | H35: #VALUE!
A36: 33 | B36: =IF(Tabla1[[#This Row],[TRABAJADOR]]="", "", VLOOKUP(Tabla1[[#This Row],[TRABAJADOR]], 'Colaborador ID'!B:C, 2, FALSE)) -> E0388 | C36: ALEX DAVID GOMEZ VILLADA | D36: ES71 0182 1270 9602 0166 8003 | E36: BBVA | F36: #VALUE! | H36: #VALUE!
A37: 34 | B37: =IF(Tabla1[[#This Row],[TRABAJADOR]]="", "", VLOOKUP(Tabla1[[#This Row],[TRABAJADOR]], 'Colaborador ID'!B:C, 2, FALSE)) -> E1921 | C37: ALEX JAVIER LEONEL OTAVO | D37: ES04 0182 2082 1502 0168 9129 | E37: BBVA | F37: #VALUE! | G37: 45944 | H37: #VALUE!
A38: 35 | B38: =IF(Tabla1[[#This Row],[TRABAJADOR]]="", "", VLOOKUP(Tabla1[[#This Row],[TRABAJADOR]], 'Colaborador ID'!B:C, 2, FALSE)) -> E1319 | C38: ALEX LUCAS SCHOROEDER | D38: PT50 0007 0000 0079 0352 4122 3 | E38: NOVOBANCO | F38: #VALUE! | H38: #VALUE!
A39: 36 | B39: =IF(Tabla1[[#This Row],[TRABAJADOR]]="", "", VLOOKUP(Tabla1[[#This Row],[TRABAJADOR]], 'Colaborador ID'!B:C, 2, FALSE)) -> E0593 | C39: ALEX MAURICIO CARDONA RAMIREZ | D39: ES86 0182 8181 1602 0234 6058 | E39: BBVA | F39: #VALUE! | G39: 45779 | H39: #VALUE!
A40: 37 | B40: =IF(Tabla1[[#This Row],[TRABAJADOR]]="", "", VLOOKUP(Tabla1[[#This Row],[TRABAJADOR]], 'Colaborador ID'!B:C, 2, FALSE)) -> E0302 | C40: ALEX MENDOZA ALCAZAR | D40: ES35 0182 5430 4702 0169 2651 | F40: #VALUE! | H40: #VALUE!
A41: 38 | B41: =IF(Tabla1[[#This Row],[TRABAJADOR]]="", "", VLOOKUP(Tabla1[[#This Row],[TRABAJADOR]], 'Colaborador ID'!B:C, 2, FALSE)) -> E1400 | C41: ALEXANDER ALONSO ROMERO | D41: ES45 0182 5400 2702 0221 8266 | E41: BBVA | F41: #VALUE! | G41: 45833 | H41: #VALUE!
A42: 39 | B42: =IF(Tabla1[[#This Row],[TRABAJADOR]]="", "", VLOOKUP(Tabla1[[#This Row],[TRABAJADOR]], 'Colaborador ID'!B:C, 2, FALSE)) -> E0362 | C42: ALEXANDER ANTHONY ZAMORA ALMENDARIZ | D42: ES58 6893 0001 7700 0027 5112 | E42: NICKEL | F42: #VALUE! | G42: 45751 | H42: #VALUE!
A43: 40 | B43: =IF(Tabla1[[#This Row],[TRABAJADOR]]="", "", VLOOKUP(Tabla1[[#This Row],[TRABAJADOR]], 'Colaborador ID'!B:C, 2, FALSE)) -> E0456 | C43: ALEXANDER DE LA OSSA VEGA | D43: ES49 0182 8181 1302 0232 8441 | F43: #VALUE! | H43: #VALUE!
A44: 41 | B44: =IF(Tabla1[[#This Row],[TRABAJADOR]]="", "", VLOOKUP(Tabla1[[#This Row],[TRABAJADOR]], 'Colaborador ID'!B:C, 2, FALSE)) -> E2098 | C44: ALEXANDER GUZMAN | D44: ES29 6893 0001 7400 0036 7834 | E44: NICKEL | F44: #VALUE! | G44: 46065 | H44: #VALUE!
A45: 42 | B45: =IF(Tabla1[[#This Row],[TRABAJADOR]]="", "", VLOOKUP(Tabla1[[#This Row],[TRABAJADOR]], 'Colaborador ID'!B:C, 2, FALSE)) -> E0386 | C45: ALEXANDER MANUEL LOPEZ ROJAS | D45: BE28 9050 2145 7720 | F45: #VALUE! | H45: #VALUE!
A46: 43 | B46: =IF(Tabla1[[#This Row],[TRABAJADOR]]="", "", VLOOKUP(Tabla1[[#This Row],[TRABAJADOR]], 'Colaborador ID'!B:C, 2, FALSE)) -> #N/A | C46: ALEXANDER PERAFAN GONZALEZ | D46: BE38 9678 7418 4372 | F46: #VALUE! | H46: #VALUE!
A47: 44 | B47: =IF(Tabla1[[#This Row],[TRABAJADOR]]="", "", VLOOKUP(Tabla1[[#This Row],[TRABAJADOR]], 'Colaborador ID'!B:C, 2, FALSE)) -> E1684 | C47: ALEXANDER PEREIRA HERNANDEZ | D47: BE56 9055 6513 9888 | E47: WISE | F47: #VALUE! | H47: #VALUE! | I47: STOCCO
A48: 45 | B48: =IF(Tabla1[[#This Row],[TRABAJADOR]]="", "", VLOOKUP(Tabla1[[#This Row],[TRABAJADOR]], 'Colaborador ID'!B:C, 2, FALSE)) -> E1451 | C48: ALEXANDER SUAREZ PULGAR | D48: ES60 0182 9050 1202 0170 3133 | E48: BBVA | F48: #VALUE! | H48: #VALUE! | I48: STOCCO
A49: 46 | B49: =IF(Tabla1[[#This Row],[TRABAJADOR]]="", "", VLOOKUP(Tabla1[[#This Row],[TRABAJADOR]], 'Colaborador ID'!B:C, 2, FALSE)) -> E1313 | C49: ALEXANDRE BEZERRA DE OLIVEIRA | D49: PT50 0010 0000 6025 4850 0012 0 | E49: BPI | F49: #VALUE! | G49: 45729 | H49: #VALUE!
A50: 47 | B50: =IF(Tabla1[[#This Row],[TRABAJADOR]]="", "", VLOOKUP(Tabla1[[#This Row],[TRABAJADOR]], 'Colaborador ID'!B:C, 2, FALSE)) -> E2074 | C50: ALEXIS ENRIQUE MORENO ARRIETA | D50: ES89 6893 0001 7800 0034 7643 | F50: #VALUE! | G50: 46035 | H50: #VALUE!
A51: 48 | B51: =IF(Tabla1[[#This Row],[TRABAJADOR]]="", "", VLOOKUP(Tabla1[[#This Row],[TRABAJADOR]], 'Colaborador ID'!B:C, 2, FALSE)) -> E1355 | C51: ALEXIS JESUS SUAREZ GONZALEZ | D51: ES60 0182 0956 5102 0178 8150 | E51: BBVA | F51: #VALUE! | G51: 45769 | H51: #VALUE!
A52: 49 | B52: =IF(Tabla1[[#This Row],[TRABAJADOR]]="", "", VLOOKUP(Tabla1[[#This Row],[TRABAJADOR]], 'Colaborador ID'!B:C, 2, FALSE)) -> E1973 | C52: ALFREDO ANTONIO OSPINO RANGEL | D52: ES60 6893 0001 7400 0033 7594 | E52: NICKEL | F52: #VALUE! | G52: 45961 | H52: #VALUE! | I52: STOCCO
A53: 50 | B53: =IF(Tabla1[[#This Row],[TRABAJADOR]]="", "", VLOOKUP(Tabla1[[#This Row],[TRABAJADOR]], 'Colaborador ID'!B:C, 2, FALSE)) -> E1128 | C53: ALFREDO ENRIQUE RODRIGUEZ NOGUERA | D53: ES42 6893 0001 7900 0026 4147 | E53: NICKEL | F53: #VALUE! | H53: #VALUE!
A54: 51 | B54: =IF(Tabla1[[#This Row],[TRABAJADOR]]="", "", VLOOKUP(Tabla1[[#This Row],[TRABAJADOR]], 'Colaborador ID'!B:C, 2, FALSE)) -> E0254 | C54: ALIRIO ORTIZ MOLINA | D54: BE67 9674 1303 8187 | F54: #VALUE! | H54: #VALUE!
A55: 52 | B55: =IF(Tabla1[[#This Row],[TRABAJADOR]]="", "", VLOOKUP(Tabla1[[#This Row],[TRABAJADOR]], 'Colaborador ID'!B:C, 2, FALSE)) -> E0934 | C55: ALISSON ANTONIO SOUSA DOS SANTOS | D55: PT50 0007 0000 0078 6467 7562 3 | F55: #VALUE! | H55: #VALUE!
A56: 53 | B56: =IF(Tabla1[[#This Row],[TRABAJADOR]]="", "", VLOOKUP(Tabla1[[#This Row],[TRABAJADOR]], 'Colaborador ID'!B:C, 2, FALSE)) -> E1244 | C56: ALONSO SOLANO GOMEZ | D56: ES80 0182 2620 9502 0164 8696 | F56: #VALUE! | H56: #VALUE!
A57: 54 | B57: =IF(Tabla1[[#This Row],[TRABAJADOR]]="", "", VLOOKUP(Tabla1[[#This Row],[TRABAJADOR]], 'Colaborador ID'!B:C, 2, FALSE)) -> E1232 | C57: ALVARO ADRIAN GOMEZ CASTRO | D57: ES31 1563 2626 3032 6099 2916 | E57: N26 | F57: #VALUE! | H57: #VALUE!
A58: 55 | B58: =IF(Tabla1[[#This Row],[TRABAJADOR]]="", "", VLOOKUP(Tabla1[[#This Row],[TRABAJADOR]], 'Colaborador ID'!B:C, 2, FALSE)) -> E0888 | C58: ALVARO ANDRES ARBELAEZ | D58: BE21 9050 5590 0703 | F58: #VALUE! | H58: #VALUE!
A59: 56 | B59: =IF(Tabla1[[#This Row],[TRABAJADOR]]="", "", VLOOKUP(Tabla1[[#This Row],[TRABAJADOR]], 'Colaborador ID'!B:C, 2, FALSE)) -> E0769 | C59: ALVARO ANDRES QUIÑONES ZUÑIGA | D59: BE48 9679 8632 1527 | F59: #VALUE! | H59: #VALUE!
A60: 57 | B60: =IF(Tabla1[[#This Row],[TRABAJADOR]]="", "", VLOOKUP(Tabla1[[#This Row],[TRABAJADOR]], 'Colaborador ID'!B:C, 2, FALSE)) -> E1707 | C60: ALVARO ARIZA CONTRERAS | D60: ES43 6893 0001 7400 0030 8121 | E60: NICKEL | F60: #VALUE! | G60: 45889 | H60: #VALUE!
A61: 58 | B61: =IF(Tabla1[[#This Row],[TRABAJADOR]]="", "", VLOOKUP(Tabla1[[#This Row],[TRABAJADOR]], 'Colaborador ID'!B:C, 2, FALSE)) -> E0677 | C61: ALVARO DAZA MESA | D61: ES48 0182 6398 2102 0169 4761 | F61: #VALUE! | H61: #VALUE!
A62: 59 | B62: =IF(Tabla1[[#This Row],[TRABAJADOR]]="", "", VLOOKUP(Tabla1[[#This Row],[TRABAJADOR]], 'Colaborador ID'!B:C, 2, FALSE)) -> E0166 | C62: ALVARO ENRIQUE ROJAS DE LA OSSA | D62: NL02 BUNQ 2185 0437 57 | E62: BUNQ | F62: #VALUE! | G62: 46066 | H62: #VALUE!
A63: 60 | B63: =IF(Tabla1[[#This Row],[TRABAJADOR]]="", "", VLOOKUP(Tabla1[[#This Row],[TRABAJADOR]], 'Colaborador ID'!B:C, 2, FALSE)) -> E0651 | C63: ALVARO ESPINOSA ALCALDE | D63: ES38 0182 3921 6502 0161 5554 | E63: BBVA | F63: #VALUE! | H63: #VALUE!
A64: 61 | B64: =IF(Tabla1[[#This Row],[TRABAJADOR]]="", "", VLOOKUP(Tabla1[[#This Row],[TRABAJADOR]], 'Colaborador ID'!B:C, 2, FALSE)) -> E0565 | C64: ALVARO FIGUEROA ARANGO | D64: ES09 0182 0702 3702 0164 8709 | E64: BBVA | F64: #VALUE! | G64: 45741 | H64: #VALUE!
A65: 62 | B65: =IF(Tabla1[[#This Row],[TRABAJADOR]]="", "", VLOOKUP(Tabla1[[#This Row],[TRABAJADOR]], 'Colaborador ID'!B:C, 2, FALSE)) -> E2079 | C65: ALVARO JAVIER NARVAEZ MUÑOZ | D65: ES66 0182 5430 4802 0169 1559 | F65: #VALUE! | H65: #VALUE!
A66: 63 | B66: =IF(Tabla1[[#This Row],[TRABAJADOR]]="", "", VLOOKUP(Tabla1[[#This Row],[TRABAJADOR]], 'Colaborador ID'!B:C, 2, FALSE)) -> E0247 | C66: ALVARO JOSE NAVARRETE GAMBOA | D66: ES97 0182 0648 6802 0155 7514 | E66: BBVA | F66: #VALUE! | G66: 45817 | H66: #VALUE!
A67: 64 | B67: =IF(Tabla1[[#This Row],[TRABAJADOR]]="", "", VLOOKUP(Tabla1[[#This Row],[TRABAJADOR]], 'Colaborador ID'!B:C, 2, FALSE)) -> E0442 | C67: ALVARO JUNIOR CERVANTES MELENDEZ | D67: ES70 0182 4003 1902 0167 1817 | E67: BBVA | F67: #VALUE! | G67: 45771 | H67: #VALUE!
A68: 65 | B68: =IF(Tabla1[[#This Row],[TRABAJADOR]]="", "", VLOOKUP(Tabla1[[#This Row],[TRABAJADOR]], 'Colaborador ID'!B:C, 2, FALSE)) -> E1404 | C68: ALVARO PUERTA ESPITIA | D68: ES67 0182 5011 1702 0224 0429 | E68: BBVA | F68: #VALUE! | G68: 45826 | H68: #VALUE!
A69: 66 | B69: =IF(Tabla1[[#This Row],[TRABAJADOR]]="", "", VLOOKUP(Tabla1[[#This Row],[TRABAJADOR]], 'Colaborador ID'!B:C, 2, FALSE)) -> E1882 | C69: ALVARO SEGOVIA TORRES | D69: ES33 0182 2229 5402 0161 8236 | E69: BBVA | F69: #VALUE! | G69: 45957 | H69: #VALUE! | I69: STOCCO
A70: 67 | B70: =IF(Tabla1[[#This Row],[TRABAJADOR]]="", "", VLOOKUP(Tabla1[[#This Row],[TRABAJADOR]], 'Colaborador ID'!B:C, 2, FALSE)) -> E1192 | C70: ALVARO SOLARTE VARON | D70: ES46 0182 7541 3802 0160 6259 | F70: #VALUE! | H70: #VALUE!
A71: 68 | B71: =IF(Tabla1[[#This Row],[TRABAJADOR]]="", "", VLOOKUP(Tabla1[[#This Row],[TRABAJADOR]], 'Colaborador ID'!B:C, 2, FALSE)) -> E1330 | C71: ALYSON HENRIQUE SILVA NASCIMENTO | D71: PT50 0033 0000 4565 8781 6340 5 | E71: MILLENNIUM | F71: #VALUE! | H71: #VALUE!
A72: 69 | B72: =IF(Tabla1[[#This Row],[TRABAJADOR]]="", "", VLOOKUP(Tabla1[[#This Row],[TRABAJADOR]], 'Colaborador ID'!B:C, 2, FALSE)) -> E1878 | C72: AMADOR JOSE JIMENEZ | D72: ES56 0182 0600 0802 0174 9832 | E72: BBVA | F72: #VALUE! | G72: 45950 | H72: #VALUE! | I72: STOCCO
A73: 70 | B73: =IF(Tabla1[[#This Row],[TRABAJADOR]]="", "", VLOOKUP(Tabla1[[#This Row],[TRABAJADOR]], 'Colaborador ID'!B:C, 2, FALSE)) -> E1703 | C73: ANDERSON CHELUVAY GONZALEZ TRUJILLO | D73: BE72 9055 8338 8016 | E73: WISE | F73: #VALUE! | G73: 45896 | H73: #VALUE!
A74: 71 | B74: =IF(Tabla1[[#This Row],[TRABAJADOR]]="", "", VLOOKUP(Tabla1[[#This Row],[TRABAJADOR]], 'Colaborador ID'!B:C, 2, FALSE)) -> #N/A | C74: ANDERSON PIMIENTO RAMIREZ | D74: ES75 0182 3212 8202 0157 7143 | E74: BBVA | F74: #VALUE! | H74: #VALUE!
A75: 72 | B75: =IF(Tabla1[[#This Row],[TRABAJADOR]]="", "", VLOOKUP(Tabla1[[#This Row],[TRABAJADOR]], 'Colaborador ID'!B:C, 2, FALSE)) -> E0175 | C75: ANDERSSON CANAVAL NUÑEZ | D75: BE23 9051 8890 6291 | E75: WISE | F75: #VALUE! | H75: #VALUE!
A76: 73 | B76: =IF(Tabla1[[#This Row],[TRABAJADOR]]="", "", VLOOKUP(Tabla1[[#This Row],[TRABAJADOR]], 'Colaborador ID'!B:C, 2, FALSE)) -> E0536 | C76: ANDERSSON DENILSON GOMEZ ASCENSIO | D76: ES51 0182 1245 1402 0166 2379 | E76: BBVA | F76: #VALUE! | G76: 45756 | H76: #VALUE!
A77: 74 | B77: =IF(Tabla1[[#This Row],[TRABAJADOR]]="", "", VLOOKUP(Tabla1[[#This Row],[TRABAJADOR]], 'Colaborador ID'!B:C, 2, FALSE)) -> E1331 | C77: ANDRE DA SILVA ARAUJO | D77: PT50 0023 0000 4556 2935 2559 4 | E77: ACTIVOBANK | F77: #VALUE! | H77: #VALUE!
A78: 75 | B78: =IF(Tabla1[[#This Row],[TRABAJADOR]]="", "", VLOOKUP(Tabla1[[#This Row],[TRABAJADOR]], 'Colaborador ID'!B:C, 2, FALSE)) -> E2067 | C78: ANDRES AGREDO ARBOLEDA | D78: ES44 0182 5011 1102 0224 2883 | E78: BBVA | F78: #VALUE! | G78: 46006 | H78: #VALUE!
A79: 76 | B79: =IF(Tabla1[[#This Row],[TRABAJADOR]]="", "", VLOOKUP(Tabla1[[#This Row],[TRABAJADOR]], 'Colaborador ID'!B:C, 2, FALSE)) -> E1891 | C79: ANDRES ALEXANDER BEJARANO PEREZ | D79: ES52 0182 1306 9802 0168 8854 | E79: BBVA | F79: #VALUE! | G79: 46030 | H79: #VALUE!
A80: 77 | B80: =IF(Tabla1[[#This Row],[TRABAJADOR]]="", "", VLOOKUP(Tabla1[[#This Row],[TRABAJADOR]], 'Colaborador ID'!B:C, 2, FALSE)) -> E0500 | C80: ANDRES CAMILO ALVAREZ CUERVO | D80: BE86 9052 2247 3850 | F80: #VALUE! | H80: #VALUE!
A81: 78 | B81: =IF(Tabla1[[#This Row],[TRABAJADOR]]="", "", VLOOKUP(Tabla1[[#This Row],[TRABAJADOR]], 'Colaborador ID'!B:C, 2, FALSE)) -> E0795 | C81: ANDRES FABIAN CASTRO OSPINA | D81: ES76 0182 5005 0102 0159 4458 | F81: #VALUE! | H81: #VALUE!
A82: 79 | B82: =IF(Tabla1[[#This Row],[TRABAJADOR]]="", "", VLOOKUP(Tabla1[[#This Row],[TRABAJADOR]], 'Colaborador ID'!B:C, 2, FALSE)) -> E0285 | C82: ANDRES FELIPE GIRALDO GOMEZ | D82: ES04 0182 8181 1502 0233 7883 | F82: #VALUE! | H82: #VALUE!
A83: 80 | B83: =IF(Tabla1[[#This Row],[TRABAJADOR]]="", "", VLOOKUP(Tabla1[[#This Row],[TRABAJADOR]], 'Colaborador ID'!B:C, 2, FALSE)) -> E0359 | C83: ANDRES FELIPE GOMEZ PUERTA | D83: ES30 6893 0001 7900 0027 5712 | E83: NICKEL | F83: #VALUE! | G83: 45756 | H83: #VALUE!
A84: 81 | B84: =IF(Tabla1[[#This Row],[TRABAJADOR]]="", "", VLOOKUP(Tabla1[[#This Row],[TRABAJADOR]], 'Colaborador ID'!B:C, 2, FALSE)) -> E1406 | C84: ANDRES FELIPE LOPEZ FONTALVO | D84: ES32 0182 6337 4402 0158 1251 | E84: BBVA | F84: #VALUE! | G84: 45820 | H84: #VALUE!
A85: 82 | B85: =IF(Tabla1[[#This Row],[TRABAJADOR]]="", "", VLOOKUP(Tabla1[[#This Row],[TRABAJADOR]], 'Colaborador ID'!B:C, 2, FALSE)) -> E0617 | C85: ANDRES FELIPE MARULANDA ARAQUE | D85: BE27 9051 8348 2173 | F85: #VALUE! | H85: #VALUE!
A86: 83 | B86: =IF(Tabla1[[#This Row],[TRABAJADOR]]="", "", VLOOKUP(Tabla1[[#This Row],[TRABAJADOR]], 'Colaborador ID'!B:C, 2, FALSE)) -> E1888 | C86: ANDRES FELIPE PULIDO GOMEZ | D86: ES64 0182 3961 5402 0176 6982 | E86: BBVA | F86: #VALUE! | G86: 45958 | H86: #VALUE!
A87: 84 | B87: =IF(Tabla1[[#This Row],[TRABAJADOR]]="", "", VLOOKUP(Tabla1[[#This Row],[TRABAJADOR]], 'Colaborador ID'!B:C, 2, FALSE)) -> E0778 | C87: ANDRES FERNANDO MEDINA VALENCIA | D87: BE79 9678 0488 3633 | E87: WISE | F87: #VALUE! | H87: #VALUE!
A88: 85 | B88: =IF(Tabla1[[#This Row],[TRABAJADOR]]="", "", VLOOKUP(Tabla1[[#This Row],[TRABAJADOR]], 'Colaborador ID'!B:C, 2, FALSE)) -> E0085 | C88: ANDRES FERNANDO MONCAYO FLOREZ | D88: ES36 0182 0702 3102 0165 0263 | E88: BBVA | F88: #VALUE! | G88: 45826 | H88: #VALUE!
A89: 86 | B89: =IF(Tabla1[[#This Row],[TRABAJADOR]]="", "", VLOOKUP(Tabla1[[#This Row],[TRABAJADOR]], 'Colaborador ID'!B:C, 2, FALSE)) -> #N/A | C89: ANDRES GUILLERMO VALENCIA PARRA | D89: ES50 0049 0036 1120 1164 1145 | F89: #VALUE! | H89: #VALUE!
A90: 87 | B90: =IF(Tabla1[[#This Row],[TRABAJADOR]]="", "", VLOOKUP(Tabla1[[#This Row],[TRABAJADOR]], 'Colaborador ID'!B:C, 2, FALSE)) -> E0581 | C90: ANDRES VARON | D90: ES08 0182 3921 6002 0161 2265 | F90: #VALUE! | H90: #VALUE!
A91: 88 | B91: =IF(Tabla1[[#This Row],[TRABAJADOR]]="", "", VLOOKUP(Tabla1[[#This Row],[TRABAJADOR]], 'Colaborador ID'!B:C, 2, FALSE)) -> E0529 | C91: ANDRIGK EDILBERTO CARDENAS SUAREZ | D91: BE77 9679 3559 2042 | F91: #VALUE! | H91: #VALUE!
A92: 89 | B92: =IF(Tabla1[[#This Row],[TRABAJADOR]]="", "", VLOOKUP(Tabla1[[#This Row],[TRABAJADOR]], 'Colaborador ID'!B:C, 2, FALSE)) -> E1452 | C92: ANDY JAVIER BARBOZA LEDESMA | D92: ES33 0182 9050 1102 0170 2116 | F92: #VALUE! | H92: #VALUE! | I92: STOCCO
A93: 90 | B93: =IF(Tabla1[[#This Row],[TRABAJADOR]]="", "", VLOOKUP(Tabla1[[#This Row],[TRABAJADOR]], 'Colaborador ID'!B:C, 2, FALSE)) -> E0487 | C93: ANDY LYONEL CARRASCO VARGAS | D93: ES27 2100 1553 6902 0037 4216 | E93: CAIXABANK | F93: #VALUE! | G93: 46093 | H93: #VALUE!
A94: 91 | B94: =IF(Tabla1[[#This Row],[TRABAJADOR]]="", "", VLOOKUP(Tabla1[[#This Row],[TRABAJADOR]], 'Colaborador ID'!B:C, 2, FALSE)) -> E1453 | C94: ANGEL ANDRES BARDALES RAMIREZ | D94: BE63 9053 6884 2608 | F94: #VALUE! | H94: #VALUE! | I94: STOCCO
A95: 92 | B95: =IF(Tabla1[[#This Row],[TRABAJADOR]]="", "", VLOOKUP(Tabla1[[#This Row],[TRABAJADOR]], 'Colaborador ID'!B:C, 2, FALSE)) -> E2153 | C95: ANGEL RAFAEL DIAZ GUTIERREZ | D95: ES90 0182 0581 1202 0160 1758 | E95: BBVA | F95: #VALUE! | G95: 46083 | H95: #VALUE!
A96: 93 | B96: =IF(Tabla1[[#This Row],[TRABAJADOR]]="", "", VLOOKUP(Tabla1[[#This Row],[TRABAJADOR]], 'Colaborador ID'!B:C, 2, FALSE)) -> E1454 | C96: ANGEL TEHERAN CARABALLO | D96: ES76 0182 2125 3202 0160 1042 | E96: BBVA | F96: #VALUE! | H96: #VALUE! | I96: STOCCO
A97: 94 | B97: =IF(Tabla1[[#This Row],[TRABAJADOR]]="", "", VLOOKUP(Tabla1[[#This Row],[TRABAJADOR]], 'Colaborador ID'!B:C, 2, FALSE)) -> E0038 | C97: ANGELO DE JESUS AGUDELO RESTREPO | D97: ES04 0182 3660 1302 0164 6314 | E97: BBVA | F97: #VALUE! | G97: 45784 | H97: #VALUE!
A98: 95 | B98: =IF(Tabla1[[#This Row],[TRABAJADOR]]="", "", VLOOKUP(Tabla1[[#This Row],[TRABAJADOR]], 'Colaborador ID'!B:C, 2, FALSE)) -> E1455 | C98: ÁNGELO PAUL VALLADOLID MOGOLLON | D98: ES56 0049 2661 4225 1447 4511 | F98: #VALUE! | H98: #VALUE! | I98: STOCCO
A99: 96 | B99: =IF(Tabla1[[#This Row],[TRABAJADOR]]="", "", VLOOKUP(Tabla1[[#This Row],[TRABAJADOR]], 'Colaborador ID'!B:C, 2, FALSE)) -> E1332 | C99: ANGERSON GIULLIANO DE OLIVEIRA DANTAS | D99: PT50 0033 0000 4566 8273 76305 | E99: MILLENNIUM | F99: #VALUE! | H99: #VALUE!
A100: 97 | B100: =IF(Tabla1[[#This Row],[TRABAJADOR]]="", "", VLOOKUP(Tabla1[[#This Row],[TRABAJADOR]], 'Colaborador ID'!B:C, 2, FALSE)) -> E0621 | C100: ANGINSON ARTURO PETRO SUAREZ | D100: ES21 0182 9502 2102 0176 2468 | E100: BBVA | F100: #VALUE! | G100: 45817 | H100: #VALUE!
A101: 98 | B101: =IF(Tabla1[[#This Row],[TRABAJADOR]]="", "", VLOOKUP(Tabla1[[#This Row],[TRABAJADOR]], 'Colaborador ID'!B:C, 2, FALSE)) -> E0625 | C101: ANSONY RODRIGUEZ PORRAS | D101: ES59 2100 0639 0102 0104 9195 | F101: #VALUE! | H101: #VALUE!
A102: 99 | B102: =IF(Tabla1[[#This Row],[TRABAJADOR]]="", "", VLOOKUP(Tabla1[[#This Row],[TRABAJADOR]], 'Colaborador ID'!B:C, 2, FALSE)) -> #N/A | C102: ANTERO UBALDO RAMIREZ MIRABAL | D102: ES85 0182 2626 6902 0169 5946 | E102: BBVA | F102: #VALUE! | G102: 45741 | H102: #VALUE!
...

Sheet Colaborador ID
B1: Nombre | C1: Cod_colab
B2: ABDALLAH SAMMAR | C2: E1172
B3: ABDELFAHAM OUBOUZID | C3: E0530
B4: ABDELHAQ GUEHOUANE | C4: E1365
B5: ABDRUBAL FONSECA RINCON | C5: E1855
B6: ABEL ANTONIO CUESTA CIFUENTES | C6: E0663
B7: ABRAHAM DAVID HOYOS ALVAREZ | C7: E0513
B8: ADALBERTO ARAGON GOMEZ | C8: E0432
B9: ADILSON ESCOBAR OREJUELA | C9: E0687
B10: ADRIAN BERNAL GOMEZ | C10: E1050
B11: ADRIAN CAMILO PINILLA AGUIRRE | C11: E0570
B12: ADRIAN CARLOSAMA CHAVEZ | C12: E0452
... B1989: ZAIR GIL AMARIS | C1989: E1588
